feature,coefficient
syn_ratio,6.174415162075825
rst_ratio,3.587257067248037
protocol_tcp,-2.2581315130794484
protocol_icmp,2.209965909178482
bytes_per_sec,-0.9318722284874292
protocol_udp,-0.5877513604028719
byte_ratio,0.43752814318282673
duration,-0.17992116162509578
