feature,coefficient
syn_ratio,3.394541863715829
dst_bytes,-1.825526796095053
protocol_icmp,1.5905991027932005
protocol_udp,-1.0035150217564526
protocol_tcp,-0.9638606862189684
bytes_per_sec,-0.7427090303397832
byte_ratio,-0.3354989905162309
duration,0.010947200228187298
